-- MySQL dump 10.13  Distrib 5.6.27, for debian-linux-gnu (i686)
--
-- Host: localhost    Database: enubes
-- ------------------------------------------------------
-- Server version	5.6.27-0ubuntu0.14.04.1

/*!40101 SET @OLD_CHARACTER_SET_CLIENT=@@CHARACTER_SET_CLIENT */;
/*!40101 SET @OLD_CHARACTER_SET_RESULTS=@@CHARACTER_SET_RESULTS */;
/*!40101 SET @OLD_COLLATION_CONNECTION=@@COLLATION_CONNECTION */;
/*!40101 SET NAMES utf8 */;
/*!40103 SET @OLD_TIME_ZONE=@@TIME_ZONE */;
/*!40103 SET TIME_ZONE='+00:00' */;
/*!40014 SET @OLD_UNIQUE_CHECKS=@@UNIQUE_CHECKS, UNIQUE_CHECKS=0 */;
/*!40014 SET @OLD_FOREIGN_KEY_CHECKS=@@FOREIGN_KEY_CHECKS, FOREIGN_KEY_CHECKS=0 */;
/*!40101 SET @OLD_SQL_MODE=@@SQL_MODE, SQL_MODE='NO_AUTO_VALUE_ON_ZERO' */;
/*!40111 SET @OLD_SQL_NOTES=@@SQL_NOTES, SQL_NOTES=0 */;

--
-- Table structure for table `categorias`
--

DROP TABLE IF EXISTS `categorias`;
/*!40101 SET @saved_cs_client     = @@character_set_client */;
/*!40101 SET character_set_client = utf8 */;
CREATE TABLE `categorias` (
  `id` int(11) NOT NULL AUTO_INCREMENT,
  `nombre` varchar(45) NOT NULL,
  PRIMARY KEY (`id`)
) ENGINE=InnoDB AUTO_INCREMENT=5 DEFAULT CHARSET=latin1;
/*!40101 SET character_set_client = @saved_cs_client */;

--
-- Dumping data for table `categorias`
--

LOCK TABLES `categorias` WRITE;
/*!40000 ALTER TABLE `categorias` DISABLE KEYS */;
INSERT INTO `categorias` VALUES (1,'Cine'),(2,'Música'),(3,'Libros'),(4,'Deportes');
/*!40000 ALTER TABLE `categorias` ENABLE KEYS */;
UNLOCK TABLES;

--
-- Table structure for table `logins`
--

DROP TABLE IF EXISTS `logins`;
/*!40101 SET @saved_cs_client     = @@character_set_client */;
/*!40101 SET character_set_client = utf8 */;
CREATE TABLE `logins` (
  `id` int(11) NOT NULL AUTO_INCREMENT,
  `usuario_id` tinyint(4) NOT NULL,
  `fecha_login` timestamp NOT NULL DEFAULT CURRENT_TIMESTAMP,
  PRIMARY KEY (`id`)
) ENGINE=InnoDB AUTO_INCREMENT=33 DEFAULT CHARSET=latin1;
/*!40101 SET character_set_client = @saved_cs_client */;

--
-- Dumping data for table `logins`
--

LOCK TABLES `logins` WRITE;
/*!40000 ALTER TABLE `logins` DISABLE KEYS */;
INSERT INTO `logins` VALUES (1,1,'2015-12-27 19:14:12'),(2,1,'2015-12-27 20:07:50'),(3,1,'2015-12-27 20:25:15'),(4,8,'2015-12-27 20:38:46'),(5,1,'2015-12-27 20:40:13'),(6,1,'2015-12-27 20:40:23'),(7,2,'2015-12-27 20:41:23'),(8,1,'2015-12-27 20:42:09'),(9,1,'2015-12-27 20:42:24'),(10,2,'2015-12-27 20:42:51'),(11,1,'2015-12-27 20:43:01'),(12,1,'2015-12-27 20:44:20'),(13,2,'2015-12-27 20:44:55'),(14,2,'2015-12-27 20:45:25'),(15,8,'2015-12-27 20:45:49'),(16,6,'2015-12-27 20:46:08'),(17,7,'2015-12-27 20:46:22'),(18,2,'2015-12-27 20:46:34'),(19,2,'2015-12-27 20:50:21'),(20,1,'2015-12-27 20:59:46'),(21,8,'2015-12-27 21:17:47'),(22,1,'2015-12-27 21:18:03'),(23,1,'2015-12-27 21:18:48'),(24,2,'2015-12-27 21:20:16'),(25,1,'2015-12-27 21:31:52'),(26,1,'2015-12-27 21:37:19'),(27,1,'2015-12-27 21:38:54'),(28,1,'2015-12-27 21:40:42'),(29,1,'2015-12-27 21:41:53'),(30,1,'2015-12-27 22:10:45'),(31,1,'2015-12-27 23:37:36'),(32,1,'2015-12-28 00:11:05');
/*!40000 ALTER TABLE `logins` ENABLE KEYS */;
UNLOCK TABLES;

--
-- Table structure for table `noticias`
--

DROP TABLE IF EXISTS `noticias`;
/*!40101 SET @saved_cs_client     = @@character_set_client */;
/*!40101 SET character_set_client = utf8 */;
CREATE TABLE `noticias` (
  `id` int(11) NOT NULL AUTO_INCREMENT,
  `categoria_id` int(11) NOT NULL,
  `titular` varchar(100) NOT NULL,
  `entradilla` varchar(512) NOT NULL,
  `contenido` text NOT NULL,
  `fecha` timestamp NOT NULL DEFAULT CURRENT_TIMESTAMP,
  `imagen` varchar(255) DEFAULT NULL,
  `published` int(11) NOT NULL DEFAULT '0',
  `public` int(11) NOT NULL DEFAULT '0',
  `autor` tinyint(4) DEFAULT NULL,
  PRIMARY KEY (`id`)
) ENGINE=InnoDB AUTO_INCREMENT=40 DEFAULT CHARSET=latin1;
/*!40101 SET character_set_client = @saved_cs_client */;

--
-- Dumping data for table `noticias`
--

LOCK TABLES `noticias` WRITE;
/*!40000 ALTER TABLE `noticias` DISABLE KEYS */;
INSERT INTO `noticias` VALUES (1,4,'Carrera de Mountain Bike por el desierto','Vestibulum efficitur, justo in vulputate ullamcorper, est felis blandit nulla, vitae venenatis est lacus et dolor. Proin maximus ipsum lorem. Mauris iaculis id leo tristique tempus. Curabitur posuere, ante non volutpat blandit, mi mauris lacinia turpis, nec gravida sem mauris gravida velit.','El Arenal acoge la disputa de la III edición de la Carrera Mountain Bike Gredos en MTB. Una prueba deportiva federada y con un recorrido exigente, en sus 25 kilómetros de recorrido se salva un desnivel de 923 metros, con una cota máxima de 1.297 metros y una mínima de 760 metros','2015-12-19 18:05:40','../assets/images/mtb.jpg',1,1,1),(2,4,'Final de la Super Bowl','Donec mollis aliquet massa nec bibendum. Praesent sagittis mauris auctor erat mollis, eget ornare enim ullamcorper. Ut interdum dapibus ultricies. Donec dictum augue in purus mattis sagittis. Ut tempor scelerisque iaculis.','Tom Brady, quarterback de los Patriots, consigue así su 4º anillo e iguala a dos históricos de este deporte como Joe Montana y Terry Bradshaw. Era su sexta Super Bowl y venía de perder las dos anteriores, esta vez no dejó escapar la ocasión. Han pasado 13 años desde que ganase su primer trofeo Vince Lombardi y ahora, con 37 años, sigue en la élite de la NFL. Además logra su tercer MVP de este partido.','2015-12-19 19:03:45','../assets/images/estadio.jpg',1,0,1),(3,4,'Partido de beisbol','Morbi a aliquam neque. Cras rutrum lacus sit amet mi efficitur sagittis. Mauris sapien risus, consequat hendrerit nisl vitae, dapibus ultrices mi. Duis semper porttitor turpis, eu luctus purus tincidunt eget. Donec non augue faucibus, pellentesque nibh et, posuere ante. ','La decisión de Manfred significa que Rose, líder en hits de las Grandes Ligas, tendrá que seguir desterrado del mundo del béisbol profesional. De acuerdo al comunicado oficial ofrecido hoy por las Grandes Ligas, Manfred contactó a Rose para informarle el veredicto y el comisionado trató de aclarar que ello no afecta el derecho que tiene a ser elegido al Salón de la Fama.','2015-12-19 19:06:32','../assets/images/beisbol.jpg',0,1,1),(4,4,'Escalada al aire libre en Huesca','Suspendisse ultrices sit amet diam feugiat placerat. Aenean lacinia malesuada libero, ac bibendum urna volutpat in. Integer in nibh vehicula, imperdiet diam eu, pulvinar ex. Morbi vitae mauris ut nisl hendrerit pretium ut at sapien. Praesent sagittis leo vestibulum dignissim dapibus. ','La juventud de Iker Madoz es su mayor tesoro. Este pamplonés es un escalador vital, incansable y lleno de iniciativas. Con tan solo 22 años no para un minuto quieto y en esta temporada que está a punto de terminar suma una larguísima lista de rutas por los Alpes y por los Pirineos. Forma parte de la nueva ola del alpinismo nacional. Madoz ha sido uno de los protagonistas del ciclo de proyecciones de San Úrbez 2015 que ha organizado durante toda la semana Peña Guara y que finalizó ayer con los 75 Cursos de Montañismo del club oscense.','2015-12-19 19:10:10','../assets/images/escalada.jpg',1,0,1),(5,1,'Estreno de Star Wars VII','Curabitur facilisis quis ex ac fringilla. Sed consectetur nulla risus, eu vestibulum elit eleifend non. Cras venenatis risus ac tempus posuere. Praesent vel ante eu risus vehicula eleifend. Proin scelerisque, est non blandit aliquam, tellus sapien porta nisi, eget porta sem orci quis urna.','Kylo Ren se trata de un villano diferente a lo que hemos visto en las anteriores películas de Star Wars, no se trata de un Lord Sith, sino de una persona emocional y fanática de Darth Vader ¿Pero cómo llegó a entrar en el Lado Oscuro?','2015-12-19 19:13:26','../assets/images/cinema.jpg',1,1,1),(6,1,'Midnight in Paris','Aliquam interdum, lorem vel consectetur dapibus, velit nunc placerat turpis, a dapibus felis mi posuere nisl. Maecenas in mauris id metus ultrices feugiat. Quisque bibendum sodales sem ut ultrices. Donec venenatis, dui quis vulputate aliquet, urna justo mattis augue, a pellentesque augue leo in elit.','While on a trip to Paris with his fiancée s family, a nostalgic screenwriter finds himself mysteriously going back to the 1920s every day at midnight.','2015-12-19 19:18:44','../assets/images/paris.jpg',1,1,1),(7,1,'Love in Time Square','Nam porttitor lectus a rutrum tempor. Cras ultrices leo id ex hendrerit lobortis. Phasellus vitae lorem maximus, laoreet erat sit amet, blandit leo. Vestibulum vehicula ex mauris, at semper nibh elementum eget. Sed dignissim convallis velit sit amet egestas.','The media and disaffected teens mistake the acerbic rants of an obnoxious teenage punk rocker as a rallying cry for the women of America, launching her and her talentless group to national stardom.','2015-12-19 19:19:57','../assets/images/timesSquare.jpg',1,1,1),(8,1,'Historia del arte callejero','Donec convallis, eros non cursus faucibus, quam enim commodo ex, non pellentesque sapien risus ultricies ante. Suspendisse et dignissim erat. Pellentesque consectetur sodales rhoncus. Class aptent taciti sociosqu ad litora torquent per conubia nostra, per inceptos himenaeos.','A finales de los sesenta los adolescentes en la ciudad de Nueva York empezaron a escribir sus nombres en las paredes de sus barrios, aunque en realidad utilizaban pseudónimos, creandose así una identidad propia en la calle. Estos chicos escribían para sus amigos o incluso para sus enemigos. Quizás el ejemplo más significativo y a la vez el más conocido por todos sea el de Taki 183, un chico de origen griego que a la edad de 17 años comenzó a poner su apodo.','2015-12-19 19:22:00','../assets/images/wall.jpg',1,1,1),(9,2,'Nuevo grupo del cantante de Band of Horses','Mauris consectetur mi nibh, a porta lectus aliquam ac. Proin tincidunt efficitur laoreet. Cras pretium lorem eget risus finibus consequat. Aliquam erat volutpat. Integer laoreet auctor ipsum id elementum. Vivamus imperdiet lacus sed quam tincidunt ornare. Suspendisse venenatis nulla ac bibendum cursus. Nam venenatis imperdiet efficitur.','Muchas veces nos venden como súpergrupos la unión de miembros de bandas relevantes, sí, pero que a la hora de verdad no son los que llevan las riendas de sus grupos principales. Banquet, el nuevo súpergrupo indie, es otra cosa. Porque no nos podemos imaginar una unión mayor de talento que la que ha llevado a juntarse a, ojo: Ben Bridwell, líder de Band of Horses; Alex Kapranos, líder de Franz Ferdinand; Jason Lytle, alma mater de los seminales Grandaddy; Fran Healy, cantante de Travis; todos ellos organizados alrededor de cuatro miembro de Midlake (Eric Pulido, McKenzie Smith, Joey McClellan y Jesse Chandler), que al parecer son los que han organizado todo el asunto.','2015-12-19 19:24:31','../assets/images/concierto1.jpg',1,1,1),(10,2,'Disco de !!!','Duis ultrices erat sit amet tortor imperdiet, nec euismod elit mattis. Etiam faucibus tortor ultrices, tristique neque non, condimentum erat. Nam vulputate sapien semper massa vehicula, vitae suscipit arcu feugiat. Cras fringilla, dui et tincidunt elementum, neque nulla efficitur sapien, et fringilla quam justo sit amet felis.','Independientemente de su explosivo y rico directo, da la sensación de que !!! empiezan a prescindir del pretexto funk para montar su desafío rítmico-festivo. A diferencia de otros álbumes anteriores, aquí lo más importante parece ser el beat, el pum-pam, y no tanto el inspirador aroma a música orgánica y negra.','2015-12-19 19:26:15','../assets/images/concierto2.jpg',1,1,1),(11,2,'Boreals en concierto desde Edimburgo','Sed a sem elementum, volutpat enim eu, feugiat quam. Maecenas commodo vulputate quam, iaculis mattis quam. Maecenas semper lacus in laoreet auctor. Cras scelerisque dui at condimentum ullamcorper. Pellentesque dictum turpis non nulla fermentum commodo. Aliquam magna erat, consequat vitae lacus a, elementum blandit massa.','El estreno de Boreals en Foehn Records coincidió con la reducción temporal de la banda de tres a dos –los gemelos Xavi y Víctor Paradís– integrantes, pero lejos de empobrecer su sonido –Miquel Serra participó también en el disco–, este hecho ha provocado una mayor precisión y concreción del mismo. ','2015-12-19 19:27:36','../assets/images/concierto3.jpg',1,1,1),(12,2,'Ferrán Palau: un aire fresco desde Cataluña','Nulla tincidunt tortor at nunc rutrum ullamcorper. Vivamus vitae erat est. Aliquam aliquet nisi at rutrum dictum. Vestibulum gravida quam pharetra, porta lacus nec, aliquam felis. Pellentesque eu odio eu felis scelerisque vestibulum. Nunc ullamcorper urna in dui rutrum, eu iaculis dui mollis. Aliquam id pretium elit. ','Ferran Palau, guitarrista y parte fundamental de Anímic, ya dio muestras en 2012 de su talento como compositor al margen de su banda principal, cuando debutó en solitario con L aigua del rierol. ','2015-12-19 19:29:02','../assets/images/concierto4.jpg',0,0,1),(13,3,'Los mejores libros del 2015','Nunc at rutrum felis. Ut molestie vitae lacus semper placerat. Vestibulum vehicula est ac mi tincidunt mattis sit amet nec odio. Curabitur tristique magna blandit sollicitudin tristique. Donec finibus, nisl sed viverra iaculis, diam tellus scelerisque nisl, posuere venenatis elit quam in lectus. Pellentesque maximus egestas nisi non venenatis.','Los años de formación de un artista adolescente son narrados en estos diarios donde Emilio Renzi cuenta al detalle su educación formal y sentimental, transitando por una Argentina idílica, artística y política. En una escena inicial se cuenta una anécdota en la que Renzi conversa con Jorge Luis Borges y ante un comentario Borges lo descubre como escritor.','2015-12-19 19:31:44','../assets/images/libro1.jpg',1,0,1),(14,3,'Farándula. De Marta Sanz. Anagrama','Sed aliquam magna quis eros elementum, eleifend euismod diam posuere. Vestibulum molestie finibus orci, et sagittis libero dignissim et. Nam vehicula laoreet elit, sit amet laoreet lectus scelerisque in. Aliquam eu leo id mauris condimentum feugiat. Nullam id feugiat dolor. Interdum et malesuada fames ac ante ipsum primis in faucibus.','Es el mundo de la farándula, pero es también el otro lado de la medalla, oculto a la mirada exterior, el que recorre la novela de Marta Sanz que lleva ese nombre. Espectáculo inquietante de una sociedad de consumo que lame varias heridas, la precariedad del empleo, la vulnerabilidad física, o la soledad del mundo globalizado en la lógica del mercado y el éxito individual','2015-12-19 19:32:51','../assets/images/libro2.jpg',1,0,1),(15,3,'Diarios de Jaime Gil de Biedma','Lorem ipsum dolor sit amet, consectetur adipiscing elit. In nec ligula at arcu eleifend dictum eget vitae nisl. Cras accumsan erat id tortor fringilla, vel gravida magna tincidunt. Suspendisse non ex non nibh finibus tincidunt eget eu nulla. Praesent ut mi eu erat hendrerit ultricies. Nulla in facilisis orci. Nullam eros nunc, lacinia ac faucibus sed, dapibus quis arcu.','Coincidiendo con la reedición de las Memorias de Carlos Barral, uno de sus grandes “compañeros de viaje”, se publican los diarios completos del poeta de la llamada Escuela de Barcelona que más huella ha dejado. Hasta ahora sólo habíamos podido leer Retrato del artista en 1956. Ahora se le suman Diario de moralidades. 1956-1965, Diario de 1978 y Diario de 1985.','2015-12-19 19:33:50','../assets/images/pasillo.jpg',0,1,2),(16,3,'La guerra no tiene nombre de mujer','Pellentesque habitant morbi tristique senectus et netus et malesuada fames ac turpis egestas. Phasellus fringilla commodo placerat. Aenean leo orci, dictum a pulvinar at, scelerisque id nisl. In nisl neque, fermentum et nisi sit amet, mollis volutpat turpis. Etiam ac rutrum erat, eu sagittis justo. Nam arcu tellus, maximus eu aliquet ac, imperdiet sit amet augue','La utilización de la buena literatura para hacer periodismo no es nueva. Lo es que a alguien le concedan el Nobel por ello. Lo hizo García Márquez, que se sentía periodista antes que nada. Hace poco coincidieron Gabo desde América Latina y Kapuscinski desde la vieja Europa, y ambos confluyeron. Una síntesis es la bielorrusa Alexiévich.','2015-12-19 19:34:43','../assets/images/estanteria.jpg',0,1,2),(17,2,'Donec sollicitudin mauris at euismod maximus.','Vivamus non sem mollis, venenatis nibh nec, venenatis eros. Duis sit amet scelerisque purus. In scelerisque in nisi a consequat. In fringilla scelerisque erat eu tristique. Nullam laoreet sapien at neque consequat, nec pellentesque elit luctus. Phasellus ac enim sed urna posuere rhoncus.','Lorem ipsum dolor sit amet, consectetur adipiscing elit. Nullam consequat ex augue, nec feugiat nibh tempor eget. Donec eget velit nunc. Donec sollicitudin mauris at euismod maximus. Vivamus non sem mollis, venenatis nibh nec, venenatis eros. Duis sit amet scelerisque purus. In scelerisque in nisi a consequat. In fringilla scelerisque erat eu tristique. Nullam laoreet sapien at neque consequat, nec pellentesque elit luctus. Phasellus ac enim sed urna posuere rhoncus. Phasellus ac vulputate urna. Vestibulum ante ipsum primis in faucibus orci luctus et ultrices posuere cubilia Curae; In viverra sed justo at pellentesque. Pellentesque ex nisi, accumsan porta euismod ac, lacinia sed diam.\n\nClass aptent taciti sociosqu ad litora torquent per conubia nostra, per inceptos himenaeos. Ut accumsan arcu purus. Suspendisse suscipit velit sit amet rhoncus pretium. Integer eget enim sodales, venenatis metus at, pulvinar magna. Ut vel ipsum finibus, tempus tortor placerat, tristique elit. Sed placerat auctor velit, nec suscipit turpis. Class aptent taciti sociosqu ad litora torquent per conubia nostra, per inceptos himenaeos. Proin vel nulla in lorem cursus pulvinar. Integer id eleifend elit. Cras hendrerit, neque eu porttitor posuere, sem neque interdum ipsum, feugiat pulvinar neque diam a nunc. Aliquam erat volutpat. Curabitur dapibus ante vitae elit lacinia, in bibendum velit scelerisque. Cras pellentesque nec urna id luctus. In lacinia, sem ut fermentum molestie, tortor quam vestibulum quam, sit amet feugiat nibh urna at enim. Nullam fermentum posuere lacus at blandit. Nunc non dolor porta, auctor ipsum sed, dapibus nisl.\n\nIn semper facilisis sapien et accumsan. Nulla convallis congue erat ac tincidunt. Maecenas rutrum, urna consectetur consequat pretium, ipsum libero elementum nibh, vitae tristique dolor augue vitae ipsum. Vivamus consequat imperdiet magna sed sagittis. Nam quis tincidunt odio. Morbi blandit, libero vel pharetra laoreet, quam arcu accumsan ante, ornare egestas sem libero a dui. Maecenas rhoncus vestibulum felis, faucibus facilisis erat vehicula non. Cras et dignissim mi. Duis auctor diam nec ornare consectetur. Maecenas at sodales turpis, nec venenatis velit. Nam et faucibus dui. In hac habitasse platea dictumst. Nullam eget leo blandit, viverra eros a, molestie nibh. Pellentesque habitant morbi tristique senectus et netus et malesuada fames ac turpis egestas.\n\nDuis tempus eros at ex volutpat, ac laoreet tellus efficitur. Vestibulum sed eros in augue hendrerit pellentesque eget non eros. Etiam rutrum enim ac neque dignissim, in congue ante faucibus. Suspendisse potenti. Vestibulum ante ipsum primis in faucibus orci luctus et ultrices posuere cubilia Curae; Nam tincidunt tortor dictum, lacinia diam id, iaculis turpis. In ut magna ultrices, facilisis risus non, hendrerit mauris. Vivamus sollicitudin quis nulla vel interdum. Aliquam vulputate, sem a consequat aliquet, mi nulla hendrerit turpis, viverra vulputate magna eros at ex. Nam ornare sagittis purus sit amet vestibulum. Nunc at facilisis ex. Duis pretium suscipit nunc ac egestas. Nunc tempus tellus at condimentum placerat. ','2015-12-23 14:08:48','../assets/images/foto01.jpg',1,1,2),(18,1,'Nullam semper urna sit amet scelerisque rutrum.','Phasellus placerat eleifend quam in luctus. Cum sociis natoque penatibus et magnis dis parturient montes, nascetur ridiculus mus. Ut pharetra rutrum aliquet. In ullamcorper vel quam ac venenatis. Nulla tincidunt finibus eros non pellentesque. Cras porta felis et massa sodales commodo.','In congue placerat urna vitae hendrerit. Interdum et malesuada fames ac ante ipsum primis in faucibus. Proin lacinia egestas placerat. Aliquam fringilla congue nisi at venenatis. Maecenas feugiat luctus tincidunt. Integer nec tristique nisi. Integer sodales, nunc fringilla commodo ultricies, mauris urna blandit ipsum, vitae auctor eros nunc ac neque. Aenean cursus nibh augue, a tempor leo vestibulum sit amet. Fusce tincidunt augue lorem, a elementum lorem vulputate eu. Donec varius mollis tincidunt. Morbi nec gravida urna, vel rutrum erat. Sed faucibus varius venenatis. Integer molestie euismod maximus. Ut urna lacus, faucibus viverra tellus at, ornare porta felis. Integer ornare in enim eget sodales.\n\nNulla nec volutpat eros. Suspendisse fringilla lorem ac massa dictum scelerisque. Cras vel nibh et dolor aliquet condimentum. Vivamus condimentum lectus eget sodales commodo. Proin egestas vulputate lectus, in volutpat quam porta eu. Ut sagittis volutpat eros quis tristique. Pellentesque et metus sed urna semper rhoncus. Ut vitae erat fermentum, placerat mi sodales, laoreet lorem. Fusce non facilisis tortor, sed pellentesque dolor.\n\nNulla facilisi. Nulla luctus massa justo, sed eleifend elit auctor in. Proin dui eros, venenatis nec eros sit amet, ultrices egestas ante. Duis iaculis eu purus vitae dictum. Pellentesque non neque viverra eros congue tristique mattis placerat turpis. Pellentesque vitae elementum ex. Donec scelerisque rhoncus lectus ac blandit. Class aptent taciti sociosqu ad litora torquent per conubia nostra, per inceptos himenaeos. In hac habitasse platea dictumst. Donec vitae malesuada lectus. Suspendisse nec nunc nisl. Sed sit amet placerat eros.\n\nDonec luctus iaculis nibh quis ultrices. Nulla cursus nisl non libero commodo pharetra. Vivamus pharetra massa in enim tincidunt, sed accumsan neque iaculis. Fusce sollicitudin justo sed dignissim suscipit. Aenean nec nisl aliquam, semper lectus sit amet, mollis elit. Proin porta quis sapien vitae placerat. Proin eu augue non risus iaculis scelerisque at ac diam. Donec sit amet quam sem. Nunc sed consectetur ipsum. Donec a est id arcu sodales laoreet. Ut vehicula lorem arcu. Fusce vehicula justo sed lacus venenatis, a tincidunt purus maximus. Duis a vulputate elit.\n\nNulla facilisi. Pellentesque aliquet quis dolor id vehicula. Donec sit amet fringilla est. Etiam suscipit, dui pharetra auctor lacinia, lacus elit tempor orci, ac posuere massa orci tincidunt orci. Vestibulum sed ultrices justo, vitae vestibulum nulla. Integer vitae tincidunt enim. Sed porttitor diam sit amet orci rhoncus faucibus. Integer faucibus diam vel turpis auctor, et venenatis erat fringilla. Nulla at libero quis purus scelerisque consequat. Nunc euismod quam nunc, ut hendrerit enim viverra nec.\n\nQuisque diam lacus, maximus in urna sit amet, pulvinar fringilla lorem. In vel ullamcorper massa, id iaculis lacus. Duis et tincidunt libero, non lacinia felis. Praesent euismod nec ex vitae condimentum. Sed odio eros, lacinia in aliquet vitae, rhoncus facilisis turpis. Cras vel maximus sapien, vitae faucibus justo. Nunc at purus aliquet, efficitur magna at, tempus massa. Nunc dapibus vitae magna ut pulvinar. Vestibulum vulputate leo turpis, sit amet rhoncus leo porttitor vitae. Integer rhoncus lorem est, efficitur gravida nibh dapibus ac. Suspendisse potenti. ','2015-12-23 14:11:38','../assets/images/foto02.jpg',1,0,2),(19,4,'Donec et auctor ante, ac rhoncus lectus.','Donec quis turpis eget risus semper tincidunt ut eget est. Nulla facilisi. Phasellus vestibulum ut justo quis tempus. Cras vehicula felis ut quam volutpat accumsan. Aenean faucibus, justo sed vulputate pretium, elit dui egestas erat, eu efficitur eros ligula sed sem. Maecenas orci augue, malesuada id dolor id, facilisis semper urna.',' Nunc sed placerat felis. Vestibulum volutpat purus felis, placerat maximus sapien dictum vel. Integer fringilla mollis lacus ut iaculis. Quisque nunc velit, tempus nec tincidunt lacinia, rhoncus non eros. In mollis sed erat at ornare. Lorem ipsum dolor sit amet, consectetur adipiscing elit. Suspendisse hendrerit dictum turpis, quis eleifend ligula consectetur non. Duis aliquam ex eu facilisis gravida.\n\nPellentesque bibendum ut lacus eget feugiat. Sed scelerisque dapibus turpis vehicula accumsan. Ut eleifend, tellus consectetur tincidunt luctus, arcu justo porttitor nisi, non luctus magna eros tristique quam. Etiam ut rutrum felis, ut ultrices sem. Donec facilisis vestibulum efficitur. Cras interdum quam ut eleifend suscipit. Vivamus non enim mi. Nam nunc neque, aliquet id odio et, molestie molestie nisi.\n\nCras turpis augue, vestibulum ut magna quis, finibus iaculis lorem. Quisque id turpis felis. Integer rhoncus, odio in molestie suscipit, arcu odio feugiat nulla, et aliquet magna ipsum sed odio. Integer bibendum est ac est consectetur vulputate. Praesent suscipit in neque ut tempor. Nam nec massa ultricies, imperdiet nibh vitae, iaculis massa. Ut id sapien vitae leo scelerisque volutpat. Morbi interdum dictum nunc quis sagittis. Etiam eget lorem felis. Cras nunc justo, ultrices hendrerit elementum vitae, tempor sit amet turpis. Proin scelerisque massa in nisi consectetur, in fringilla dui venenatis.\n\nNulla vulputate purus a gravida rutrum. Donec id velit non nisi egestas pulvinar. Donec vel laoreet mauris, quis ultrices nunc. Nulla porta mauris sed ante commodo tempor. Suspendisse ligula justo, consectetur at dignissim id, facilisis dictum neque. Nullam elit nisl, condimentum sollicitudin ullamcorper id, mollis eget justo. Mauris tempus efficitur enim, at sollicitudin neque cursus et. Fusce sed sollicitudin augue. Vivamus efficitur mauris est, et dictum nunc faucibus nec. Phasellus cursus volutpat erat, vel pellentesque massa imperdiet sed. Proin tincidunt mollis lorem, sed molestie enim sollicitudin sit amet.\n\nNullam pharetra ac tortor in iaculis. Fusce et porttitor augue. Donec fringilla posuere volutpat. Nulla at purus vel elit aliquam laoreet et in ex. Praesent rhoncus suscipit arcu sed convallis. Quisque vehicula lacus sit amet eros iaculis dapibus. Nulla pharetra augue ac malesuada laoreet.\n\nNunc eget massa augue. Pellentesque suscipit justo ac dictum faucibus. Mauris eu sapien at est fermentum tempor quis a tellus. Praesent non velit at lorem cursus condimentum quis non enim. Proin id neque rutrum, placerat ligula vitae, lacinia risus. Nam eget pellentesque mauris, et ultricies dui. Fusce hendrerit pulvinar neque non vestibulum. Nullam sodales lacus vitae arcu elementum lobortis. Donec congue, sem ut blandit pulvinar, velit lectus convallis odio, non convallis felis urna et sapien. Integer at tempor massa, quis sollicitudin ex.\n\nFusce sit amet pellentesque eros. Quisque vehicula urna ut rutrum volutpat. Duis id ligula libero. Cras in dignissim tortor, vitae ornare metus. Vestibulum laoreet vulputate neque, nec faucibus turpis fringilla vitae. Phasellus faucibus volutpat ipsum ac porttitor. Suspendisse accumsan a diam at aliquet. Aliquam convallis turpis nibh, non condimentum massa elementum sed. Fusce maximus est vitae blandit sollicitudin. Aliquam varius, urna quis rutrum congue, odio nulla viverra nisl, bibendum cursus dui nulla eu mi. Etiam dictum facilisis tortor, sit amet fringilla est aliquet eu. ','2015-12-23 14:11:38','../assets/images/foto03.jpg',0,1,2),(20,3,'Pellentesque tincidunt scelerisque elit eu feugiat.','Mauris congue tortor eu rutrum lobortis. Pellentesque habitant morbi tristique senectus et netus et malesuada fames ac turpis egestas. Nulla at ullamcorper justo. Morbi vitae est nulla. Aliquam est sapien, finibus id finibus eu, blandit in quam. Nulla faucibus sagittis commodo. Nullam sodales tellus vitae ex accumsan ultrices.',' Morbi non fringilla leo. Sed varius bibendum eros eu consequat. Nunc vitae malesuada sem. Cum sociis natoque penatibus et magnis dis parturient montes, nascetur ridiculus mus. Integer congue tellus ac felis accumsan cursus vel eget purus. Donec ut lobortis lacus. Quisque molestie sodales urna at dictum. Pellentesque sed vestibulum ante. Curabitur commodo posuere quam. Donec in sapien bibendum, tincidunt justo sit amet, laoreet risus. Vestibulum dolor mauris, mollis in accumsan ut, posuere vitae arcu. Suspendisse efficitur massa nunc, et pharetra justo tempor eu. Phasellus nunc nunc, tempor ut lacus sit amet, placerat cursus sem. Integer tincidunt justo eget justo varius consequat. Curabitur egestas mattis condimentum. Vivamus volutpat ante id posuere varius.\n\nNulla eu imperdiet risus, non semper libero. Aliquam malesuada, nunc non tincidunt viverra, eros eros hendrerit eros, eget cursus magna lacus vel felis. Phasellus eget augue maximus, suscipit justo non, congue velit. Phasellus fermentum finibus eros, sed dignissim elit tempor eu. In non mauris at eros vehicula ultrices at in felis. Interdum et malesuada fames ac ante ipsum primis in faucibus. Mauris in pellentesque ex.\n\nDonec et faucibus augue. Sed scelerisque egestas dui, sed mattis nunc efficitur vitae. Donec volutpat tortor sed metus pellentesque, vitae varius massa condimentum. Vivamus vitae lectus magna. Vivamus non maximus sapien. Suspendisse posuere, magna vel rutrum consequat, lorem dui faucibus risus, non tempus tortor elit sed erat. Integer at porttitor ipsum, nec suscipit tortor.\n\nMauris eleifend dolor sed auctor sagittis. Ut molestie felis augue, quis tempus ipsum vehicula vitae. Pellentesque habitant morbi tristique senectus et netus et malesuada fames ac turpis egestas. Phasellus vulputate iaculis felis sit amet pulvinar. Donec iaculis quam dolor, non faucibus velit sagittis id. Pellentesque porttitor arcu porta vulputate consequat. Aliquam congue mattis dolor eget luctus. Phasellus interdum aliquam odio, vitae convallis diam interdum non. Vestibulum condimentum turpis nec lectus vulputate, nec sagittis diam viverra. Cras accumsan urna non ligula semper pretium. Nam mi nunc, pretium non lacus in, egestas tempor lectus. Phasellus consectetur erat mauris, in sollicitudin diam rutrum ut. Suspendisse a tempus purus, sit amet dictum neque. Mauris consectetur orci gravida nunc mattis, at vehicula ligula molestie. Mauris pharetra ipsum vitae dui finibus blandit. Aliquam gravida nibh purus, sed sodales sem feugiat sit amet.\n\nUt faucibus tortor nunc, a lobortis erat auctor a. Suspendisse vehicula, sapien a placerat interdum, libero mi vulputate metus, sit amet ultricies quam elit id quam. Maecenas in dolor in lorem maximus pulvinar at non ipsum. Nam sapien nisi, fermentum eget ante a, aliquam porta massa. Vivamus porttitor vehicula mauris, nec lobortis neque. Cras sed nibh mi. Nulla lobortis massa in enim efficitur pretium. Nulla in ipsum mollis, vestibulum justo eget, pellentesque tortor. In in magna non arcu tincidunt posuere. ','2015-12-23 14:13:54','../assets/images/foto04.jpg',1,1,2),(21,2,'Nulla vel porta augue. Suspendisse potenti','Morbi eleifend faucibus nunc, vitae blandit nunc dictum molestie. Praesent vel ex congue, mollis sapien volutpat, maximus massa. Proin sed metus dolor. Interdum et malesuada fames ac ante ipsum primis in faucibus. Quisque hendrerit est at ante pretium, ac sagittis quam semper. Curabitur eu feugiat erat, nec aliquet tellus',' Nulla blandit, massa eu ullamcorper vehicula, arcu ligula mollis arcu, gravida dignissim turpis dolor et mi. Vivamus venenatis lacus at luctus varius. Vivamus vel erat vitae purus venenatis luctus sed vitae quam. Cras bibendum tortor id nibh efficitur tincidunt. Mauris efficitur pretium risus. Nam faucibus at nunc non consectetur. Sed posuere fermentum pharetra. Sed ac fermentum ipsum. Etiam tempor velit maximus, consequat urna ut, malesuada mi. Duis sem quam, tristique id nibh in, volutpat mattis orci. Cras nec porttitor turpis. Etiam quis purus eget augue maximus dapibus. Cras in odio dictum justo euismod consectetur at feugiat ante. Pellentesque rhoncus non tortor quis blandit. Suspendisse ac nisi et mauris euismod vulputate at ac augue. Mauris et pretium nunc, vel viverra augue.\n\nUt sollicitudin faucibus pretium. Aenean sodales felis magna, sit amet interdum erat dapibus id. Pellentesque eu sodales nunc, non tempus augue. Donec lacinia sit amet nisi nec commodo. Pellentesque habitant morbi tristique senectus et netus et malesuada fames ac turpis egestas. Donec at tempor nunc. Donec efficitur tellus id quam dictum mollis. Curabitur scelerisque ante lacus, nec accumsan massa pretium in. Maecenas semper quis ex at lacinia. Interdum et malesuada fames ac ante ipsum primis in faucibus. Nunc nec lectus enim. Fusce elit libero, sagittis vitae suscipit ut, dictum a augue. In vel justo finibus, dictum libero eget, convallis lacus. Fusce quis risus eget nunc maximus dignissim. Duis ut felis in nulla sollicitudin tristique nec vel tortor.\n\nMauris pellentesque, neque sit amet cursus convallis, massa mauris sollicitudin purus, non rutrum est massa nec purus. Aliquam mi est, venenatis id scelerisque eget, bibendum sit amet magna. Curabitur rutrum dictum molestie. Nulla tempor lorem in molestie mattis. Donec vitae ante eu risus sagittis placerat et quis ex. Suspendisse lacinia urna et ultricies venenatis. Fusce magna mauris, pharetra nec ex sed, suscipit blandit ligula. Sed scelerisque velit a ex mattis, fringilla porttitor metus dictum. Nam orci ipsum, maximus ut nulla at, ultrices scelerisque dui. Quisque sagittis ex ex, ac scelerisque elit malesuada quis. Nam ultrices at elit ut tempor. Quisque mattis nunc a urna laoreet, at suscipit turpis fermentum. Quisque quis urna eget mauris ornare facilisis eget tincidunt sapien.\n\nMorbi eleifend faucibus nunc, vitae blandit nunc dictum molestie. Praesent vel ex congue, mollis sapien volutpat, maximus massa. Proin sed metus dolor. Interdum et malesuada fames ac ante ipsum primis in faucibus. Quisque hendrerit est at ante pretium, ac sagittis quam semper. Curabitur eu feugiat erat, nec aliquet tellus. Nulla bibendum egestas orci, nec auctor purus aliquam vitae. Mauris vel rhoncus metus, sit amet faucibus purus. Aliquam dictum, ex placerat pellentesque auctor, turpis elit ullamcorper orci, ut hendrerit est ligula et nulla.\n\nVivamus facilisis dui dui, vel mattis dui dictum a. Maecenas porta lectus sed ligula vehicula, ac congue mi maximus. Cras neque augue, varius non posuere ut, sodales eu felis. Cras nibh diam, vehicula eu mi et, fermentum sodales augue. Interdum et malesuada fames ac ante ipsum primis in faucibus. Integer finibus sem vitae pharetra vehicula. Sed tincidunt, velit quis tempus malesuada, neque elit aliquam leo, eu commodo urna ligula in orci. Ut ut tincidunt tortor. Sed porta tortor sed felis dignissim luctus. Curabitur bibendum venenatis odio, euismod vestibulum neque gravida quis. Duis viverra augue est, at tincidunt lacus faucibus ac. Suspendisse tristique ultricies neque, sed porttitor turpis convallis at. ','2015-12-23 14:30:05','../assets/images/foto05.jpg',1,1,2),(22,3,'Donec sollicitudin mauris at euismod maximus.','Vivamus non sem mollis, venenatis nibh nec, venenatis eros. Duis sit amet scelerisque purus. In scelerisque in nisi a consequat. In fringilla scelerisque erat eu tristique. Nullam laoreet sapien at neque consequat, nec pellentesque elit luctus. Phasellus ac enim sed urna posuere rhoncus.','Lorem ipsum dolor sit amet, consectetur adipiscing elit. Nullam consequat ex augue, nec feugiat nibh tempor eget. Donec eget velit nunc. Donec sollicitudin mauris at euismod maximus. Vivamus non sem mollis, venenatis nibh nec, venenatis eros. Duis sit amet scelerisque purus. In scelerisque in nisi a consequat. In fringilla scelerisque erat eu tristique. Nullam laoreet sapien at neque consequat, nec pellentesque elit luctus. Phasellus ac enim sed urna posuere rhoncus. Phasellus ac vulputate urna. Vestibulum ante ipsum primis in faucibus orci luctus et ultrices posuere cubilia Curae; In viverra sed justo at pellentesque. Pellentesque ex nisi, accumsan porta euismod ac, lacinia sed diam.\r\n\r\nClass aptent taciti sociosqu ad litora torquent per conubia nostra, per inceptos himenaeos. Ut accumsan arcu purus. Suspendisse suscipit velit sit amet rhoncus pretium. Integer eget enim sodales, venenatis metus at, pulvinar magna. Ut vel ipsum finibus, tempus tortor placerat, tristique elit. Sed placerat auctor velit, nec suscipit turpis. Class aptent taciti sociosqu ad litora torquent per conubia nostra, per inceptos himenaeos. Proin vel nulla in lorem cursus pulvinar. Integer id eleifend elit. Cras hendrerit, neque eu porttitor posuere, sem neque interdum ipsum, feugiat pulvinar neque diam a nunc. Aliquam erat volutpat. Curabitur dapibus ante vitae elit lacinia, in bibendum velit scelerisque. Cras pellentesque nec urna id luctus. In lacinia, sem ut fermentum molestie, tortor quam vestibulum quam, sit amet feugiat nibh urna at enim. Nullam fermentum posuere lacus at blandit. Nunc non dolor porta, auctor ipsum sed, dapibus nisl.\r\n\r\nIn semper facilisis sapien et accumsan. Nulla convallis congue erat ac tincidunt. Maecenas rutrum, urna consectetur consequat pretium, ipsum libero elementum nibh, vitae tristique dolor augue vitae ipsum. Vivamus consequat imperdiet magna sed sagittis. Nam quis tincidunt odio. Morbi blandit, libero vel pharetra laoreet, quam arcu accumsan ante, ornare egestas sem libero a dui. Maecenas rhoncus vestibulum felis, faucibus facilisis erat vehicula non. Cras et dignissim mi. Duis auctor diam nec ornare consectetur. Maecenas at sodales turpis, nec venenatis velit. Nam et faucibus dui. In hac habitasse platea dictumst. Nullam eget leo blandit, viverra eros a, molestie nibh. Pellentesque habitant morbi tristique senectus et netus et malesuada fames ac turpis egestas.\r\n\r\nDuis tempus eros at ex volutpat, ac laoreet tellus efficitur. Vestibulum sed eros in augue hendrerit pellentesque eget non eros. Etiam rutrum enim ac neque dignissim, in congue ante faucibus. Suspendisse potenti. Vestibulum ante ipsum primis in faucibus orci luctus et ultrices posuere cubilia Curae; Nam tincidunt tortor dictum, lacinia diam id, iaculis turpis. In ut magna ultrices, facilisis risus non, hendrerit mauris. Vivamus sollicitudin quis nulla vel interdum. Aliquam vulputate, sem a consequat aliquet, mi nulla hendrerit turpis, viverra vulputate magna eros at ex. Nam ornare sagittis purus sit amet vestibulum. Nunc at facilisis ex. Duis pretium suscipit nunc ac egestas. Nunc tempus tellus at condimentum placerat. ','2015-12-23 14:08:48','../assets/images/foto06.jpg',1,0,2),(23,2,'Nullam semper urna sit amet scelerisque rutrum.','Phasellus placerat eleifend quam in luctus. Cum sociis natoque penatibus et magnis dis parturient montes, nascetur ridiculus mus. Ut pharetra rutrum aliquet. In ullamcorper vel quam ac venenatis. Nulla tincidunt finibus eros non pellentesque. Cras porta felis et massa sodales commodo.','In congue placerat urna vitae hendrerit. Interdum et malesuada fames ac ante ipsum primis in faucibus. Proin lacinia egestas placerat. Aliquam fringilla congue nisi at venenatis. Maecenas feugiat luctus tincidunt. Integer nec tristique nisi. Integer sodales, nunc fringilla commodo ultricies, mauris urna blandit ipsum, vitae auctor eros nunc ac neque. Aenean cursus nibh augue, a tempor leo vestibulum sit amet. Fusce tincidunt augue lorem, a elementum lorem vulputate eu. Donec varius mollis tincidunt. Morbi nec gravida urna, vel rutrum erat. Sed faucibus varius venenatis. Integer molestie euismod maximus. Ut urna lacus, faucibus viverra tellus at, ornare porta felis. Integer ornare in enim eget sodales.\n\nNulla nec volutpat eros. Suspendisse fringilla lorem ac massa dictum scelerisque. Cras vel nibh et dolor aliquet condimentum. Vivamus condimentum lectus eget sodales commodo. Proin egestas vulputate lectus, in volutpat quam porta eu. Ut sagittis volutpat eros quis tristique. Pellentesque et metus sed urna semper rhoncus. Ut vitae erat fermentum, placerat mi sodales, laoreet lorem. Fusce non facilisis tortor, sed pellentesque dolor.\n\nNulla facilisi. Nulla luctus massa justo, sed eleifend elit auctor in. Proin dui eros, venenatis nec eros sit amet, ultrices egestas ante. Duis iaculis eu purus vitae dictum. Pellentesque non neque viverra eros congue tristique mattis placerat turpis. Pellentesque vitae elementum ex. Donec scelerisque rhoncus lectus ac blandit. Class aptent taciti sociosqu ad litora torquent per conubia nostra, per inceptos himenaeos. In hac habitasse platea dictumst. Donec vitae malesuada lectus. Suspendisse nec nunc nisl. Sed sit amet placerat eros.\n\nDonec luctus iaculis nibh quis ultrices. Nulla cursus nisl non libero commodo pharetra. Vivamus pharetra massa in enim tincidunt, sed accumsan neque iaculis. Fusce sollicitudin justo sed dignissim suscipit. Aenean nec nisl aliquam, semper lectus sit amet, mollis elit. Proin porta quis sapien vitae placerat. Proin eu augue non risus iaculis scelerisque at ac diam. Donec sit amet quam sem. Nunc sed consectetur ipsum. Donec a est id arcu sodales laoreet. Ut vehicula lorem arcu. Fusce vehicula justo sed lacus venenatis, a tincidunt purus maximus. Duis a vulputate elit.\n\nNulla facilisi. Pellentesque aliquet quis dolor id vehicula. Donec sit amet fringilla est. Etiam suscipit, dui pharetra auctor lacinia, lacus elit tempor orci, ac posuere massa orci tincidunt orci. Vestibulum sed ultrices justo, vitae vestibulum nulla. Integer vitae tincidunt enim. Sed porttitor diam sit amet orci rhoncus faucibus. Integer faucibus diam vel turpis auctor, et venenatis erat fringilla. Nulla at libero quis purus scelerisque consequat. Nunc euismod quam nunc, ut hendrerit enim viverra nec.\n\nQuisque diam lacus, maximus in urna sit amet, pulvinar fringilla lorem. In vel ullamcorper massa, id iaculis lacus. Duis et tincidunt libero, non lacinia felis. Praesent euismod nec ex vitae condimentum. Sed odio eros, lacinia in aliquet vitae, rhoncus facilisis turpis. Cras vel maximus sapien, vitae faucibus justo. Nunc at purus aliquet, efficitur magna at, tempus massa. Nunc dapibus vitae magna ut pulvinar. Vestibulum vulputate leo turpis, sit amet rhoncus leo porttitor vitae. Integer rhoncus lorem est, efficitur gravida nibh dapibus ac. Suspendisse potenti. ','2015-12-23 14:11:38','../assets/images/foto07.jpg',1,1,2),(24,3,'Donec et auctor ante, ac rhoncus lectus.','Donec quis turpis eget risus semper tincidunt ut eget est. Nulla facilisi. Phasellus vestibulum ut justo quis tempus. Cras vehicula felis ut quam volutpat accumsan. Aenean faucibus, justo sed vulputate pretium, elit dui egestas erat, eu efficitur eros ligula sed sem. Maecenas orci augue, malesuada id dolor id, facilisis semper urna.',' Nunc sed placerat felis. Vestibulum volutpat purus felis, placerat maximus sapien dictum vel. Integer fringilla mollis lacus ut iaculis. Quisque nunc velit, tempus nec tincidunt lacinia, rhoncus non eros. In mollis sed erat at ornare. Lorem ipsum dolor sit amet, consectetur adipiscing elit. Suspendisse hendrerit dictum turpis, quis eleifend ligula consectetur non. Duis aliquam ex eu facilisis gravida.\n\nPellentesque bibendum ut lacus eget feugiat. Sed scelerisque dapibus turpis vehicula accumsan. Ut eleifend, tellus consectetur tincidunt luctus, arcu justo porttitor nisi, non luctus magna eros tristique quam. Etiam ut rutrum felis, ut ultrices sem. Donec facilisis vestibulum efficitur. Cras interdum quam ut eleifend suscipit. Vivamus non enim mi. Nam nunc neque, aliquet id odio et, molestie molestie nisi.\n\nCras turpis augue, vestibulum ut magna quis, finibus iaculis lorem. Quisque id turpis felis. Integer rhoncus, odio in molestie suscipit, arcu odio feugiat nulla, et aliquet magna ipsum sed odio. Integer bibendum est ac est consectetur vulputate. Praesent suscipit in neque ut tempor. Nam nec massa ultricies, imperdiet nibh vitae, iaculis massa. Ut id sapien vitae leo scelerisque volutpat. Morbi interdum dictum nunc quis sagittis. Etiam eget lorem felis. Cras nunc justo, ultrices hendrerit elementum vitae, tempor sit amet turpis. Proin scelerisque massa in nisi consectetur, in fringilla dui venenatis.\n\nNulla vulputate purus a gravida rutrum. Donec id velit non nisi egestas pulvinar. Donec vel laoreet mauris, quis ultrices nunc. Nulla porta mauris sed ante commodo tempor. Suspendisse ligula justo, consectetur at dignissim id, facilisis dictum neque. Nullam elit nisl, condimentum sollicitudin ullamcorper id, mollis eget justo. Mauris tempus efficitur enim, at sollicitudin neque cursus et. Fusce sed sollicitudin augue. Vivamus efficitur mauris est, et dictum nunc faucibus nec. Phasellus cursus volutpat erat, vel pellentesque massa imperdiet sed. Proin tincidunt mollis lorem, sed molestie enim sollicitudin sit amet.\n\nNullam pharetra ac tortor in iaculis. Fusce et porttitor augue. Donec fringilla posuere volutpat. Nulla at purus vel elit aliquam laoreet et in ex. Praesent rhoncus suscipit arcu sed convallis. Quisque vehicula lacus sit amet eros iaculis dapibus. Nulla pharetra augue ac malesuada laoreet.\n\nNunc eget massa augue. Pellentesque suscipit justo ac dictum faucibus. Mauris eu sapien at est fermentum tempor quis a tellus. Praesent non velit at lorem cursus condimentum quis non enim. Proin id neque rutrum, placerat ligula vitae, lacinia risus. Nam eget pellentesque mauris, et ultricies dui. Fusce hendrerit pulvinar neque non vestibulum. Nullam sodales lacus vitae arcu elementum lobortis. Donec congue, sem ut blandit pulvinar, velit lectus convallis odio, non convallis felis urna et sapien. Integer at tempor massa, quis sollicitudin ex.\n\nFusce sit amet pellentesque eros. Quisque vehicula urna ut rutrum volutpat. Duis id ligula libero. Cras in dignissim tortor, vitae ornare metus. Vestibulum laoreet vulputate neque, nec faucibus turpis fringilla vitae. Phasellus faucibus volutpat ipsum ac porttitor. Suspendisse accumsan a diam at aliquet. Aliquam convallis turpis nibh, non condimentum massa elementum sed. Fusce maximus est vitae blandit sollicitudin. Aliquam varius, urna quis rutrum congue, odio nulla viverra nisl, bibendum cursus dui nulla eu mi. Etiam dictum facilisis tortor, sit amet fringilla est aliquet eu. ','2015-12-23 14:11:38','../assets/images/foto08.jpg',1,0,2),(25,3,'Pellentesque tincidunt scelerisque elit eu feugiat.','Mauris congue tortor eu rutrum lobortis. Pellentesque habitant morbi tristique senectus et netus et malesuada fames ac turpis egestas. Nulla at ullamcorper justo. Morbi vitae est nulla. Aliquam est sapien, finibus id finibus eu, blandit in quam. Nulla faucibus sagittis commodo. Nullam sodales tellus vitae ex accumsan ultrices.',' Morbi non fringilla leo. Sed varius bibendum eros eu consequat. Nunc vitae malesuada sem. Cum sociis natoque penatibus et magnis dis parturient montes, nascetur ridiculus mus. Integer congue tellus ac felis accumsan cursus vel eget purus. Donec ut lobortis lacus. Quisque molestie sodales urna at dictum. Pellentesque sed vestibulum ante. Curabitur commodo posuere quam. Donec in sapien bibendum, tincidunt justo sit amet, laoreet risus. Vestibulum dolor mauris, mollis in accumsan ut, posuere vitae arcu. Suspendisse efficitur massa nunc, et pharetra justo tempor eu. Phasellus nunc nunc, tempor ut lacus sit amet, placerat cursus sem. Integer tincidunt justo eget justo varius consequat. Curabitur egestas mattis condimentum. Vivamus volutpat ante id posuere varius.\r\n\r\nNulla eu imperdiet risus, non semper libero. Aliquam malesuada, nunc non tincidunt viverra, eros eros hendrerit eros, eget cursus magna lacus vel felis. Phasellus eget augue maximus, suscipit justo non, congue velit. Phasellus fermentum finibus eros, sed dignissim elit tempor eu. In non mauris at eros vehicula ultrices at in felis. Interdum et malesuada fames ac ante ipsum primis in faucibus. Mauris in pellentesque ex.\r\n\r\nDonec et faucibus augue. Sed scelerisque egestas dui, sed mattis nunc efficitur vitae. Donec volutpat tortor sed metus pellentesque, vitae varius massa condimentum. Vivamus vitae lectus magna. Vivamus non maximus sapien. Suspendisse posuere, magna vel rutrum consequat, lorem dui faucibus risus, non tempus tortor elit sed erat. Integer at porttitor ipsum, nec suscipit tortor.\r\n\r\nMauris eleifend dolor sed auctor sagittis. Ut molestie felis augue, quis tempus ipsum vehicula vitae. Pellentesque habitant morbi tristique senectus et netus et malesuada fames ac turpis egestas. Phasellus vulputate iaculis felis sit amet pulvinar. Donec iaculis quam dolor, non faucibus velit sagittis id. Pellentesque porttitor arcu porta vulputate consequat. Aliquam congue mattis dolor eget luctus. Phasellus interdum aliquam odio, vitae convallis diam interdum non. Vestibulum condimentum turpis nec lectus vulputate, nec sagittis diam viverra. Cras accumsan urna non ligula semper pretium. Nam mi nunc, pretium non lacus in, egestas tempor lectus. Phasellus consectetur erat mauris, in sollicitudin diam rutrum ut. Suspendisse a tempus purus, sit amet dictum neque. Mauris consectetur orci gravida nunc mattis, at vehicula ligula molestie. Mauris pharetra ipsum vitae dui finibus blandit. Aliquam gravida nibh purus, sed sodales sem feugiat sit amet.\r\n\r\nUt faucibus tortor nunc, a lobortis erat auctor a. Suspendisse vehicula, sapien a placerat interdum, libero mi vulputate metus, sit amet ultricies quam elit id quam. Maecenas in dolor in lorem maximus pulvinar at non ipsum. Nam sapien nisi, fermentum eget ante a, aliquam porta massa. Vivamus porttitor vehicula mauris, nec lobortis neque. Cras sed nibh mi. Nulla lobortis massa in enim efficitur pretium. Nulla in ipsum mollis, vestibulum justo eget, pellentesque tortor. In in magna non arcu tincidunt posuere. ','2015-12-23 14:13:54','../assets/images/foto09.jpg',1,1,2),(26,1,'Nulla vel porta augue. Suspendisse potenti','Morbi eleifend faucibus nunc, vitae blandit nunc dictum molestie. Praesent vel ex congue, mollis sapien volutpat, maximus massa. Proin sed metus dolor. Interdum et malesuada fames ac ante ipsum primis in faucibus. Quisque hendrerit est at ante pretium, ac sagittis quam semper. Curabitur eu feugiat erat, nec aliquet tellus',' Nulla blandit, massa eu ullamcorper vehicula, arcu ligula mollis arcu, gravida dignissim turpis dolor et mi. Vivamus venenatis lacus at luctus varius. Vivamus vel erat vitae purus venenatis luctus sed vitae quam. Cras bibendum tortor id nibh efficitur tincidunt. Mauris efficitur pretium risus. Nam faucibus at nunc non consectetur. Sed posuere fermentum pharetra. Sed ac fermentum ipsum. Etiam tempor velit maximus, consequat urna ut, malesuada mi. Duis sem quam, tristique id nibh in, volutpat mattis orci. Cras nec porttitor turpis. Etiam quis purus eget augue maximus dapibus. Cras in odio dictum justo euismod consectetur at feugiat ante. Pellentesque rhoncus non tortor quis blandit. Suspendisse ac nisi et mauris euismod vulputate at ac augue. Mauris et pretium nunc, vel viverra augue.\n\nUt sollicitudin faucibus pretium. Aenean sodales felis magna, sit amet interdum erat dapibus id. Pellentesque eu sodales nunc, non tempus augue. Donec lacinia sit amet nisi nec commodo. Pellentesque habitant morbi tristique senectus et netus et malesuada fames ac turpis egestas. Donec at tempor nunc. Donec efficitur tellus id quam dictum mollis. Curabitur scelerisque ante lacus, nec accumsan massa pretium in. Maecenas semper quis ex at lacinia. Interdum et malesuada fames ac ante ipsum primis in faucibus. Nunc nec lectus enim. Fusce elit libero, sagittis vitae suscipit ut, dictum a augue. In vel justo finibus, dictum libero eget, convallis lacus. Fusce quis risus eget nunc maximus dignissim. Duis ut felis in nulla sollicitudin tristique nec vel tortor.\n\nMauris pellentesque, neque sit amet cursus convallis, massa mauris sollicitudin purus, non rutrum est massa nec purus. Aliquam mi est, venenatis id scelerisque eget, bibendum sit amet magna. Curabitur rutrum dictum molestie. Nulla tempor lorem in molestie mattis. Donec vitae ante eu risus sagittis placerat et quis ex. Suspendisse lacinia urna et ultricies venenatis. Fusce magna mauris, pharetra nec ex sed, suscipit blandit ligula. Sed scelerisque velit a ex mattis, fringilla porttitor metus dictum. Nam orci ipsum, maximus ut nulla at, ultrices scelerisque dui. Quisque sagittis ex ex, ac scelerisque elit malesuada quis. Nam ultrices at elit ut tempor. Quisque mattis nunc a urna laoreet, at suscipit turpis fermentum. Quisque quis urna eget mauris ornare facilisis eget tincidunt sapien.\n\nMorbi eleifend faucibus nunc, vitae blandit nunc dictum molestie. Praesent vel ex congue, mollis sapien volutpat, maximus massa. Proin sed metus dolor. Interdum et malesuada fames ac ante ipsum primis in faucibus. Quisque hendrerit est at ante pretium, ac sagittis quam semper. Curabitur eu feugiat erat, nec aliquet tellus. Nulla bibendum egestas orci, nec auctor purus aliquam vitae. Mauris vel rhoncus metus, sit amet faucibus purus. Aliquam dictum, ex placerat pellentesque auctor, turpis elit ullamcorper orci, ut hendrerit est ligula et nulla.\n\nVivamus facilisis dui dui, vel mattis dui dictum a. Maecenas porta lectus sed ligula vehicula, ac congue mi maximus. Cras neque augue, varius non posuere ut, sodales eu felis. Cras nibh diam, vehicula eu mi et, fermentum sodales augue. Interdum et malesuada fames ac ante ipsum primis in faucibus. Integer finibus sem vitae pharetra vehicula. Sed tincidunt, velit quis tempus malesuada, neque elit aliquam leo, eu commodo urna ligula in orci. Ut ut tincidunt tortor. Sed porta tortor sed felis dignissim luctus. Curabitur bibendum venenatis odio, euismod vestibulum neque gravida quis. Duis viverra augue est, at tincidunt lacus faucibus ac. Suspendisse tristique ultricies neque, sed porttitor turpis convallis at. ','2015-12-23 14:30:05','../assets/images/foto10.jpg',1,0,2),(28,4,'Perro en ventana aburrido (modificado)','En un lugar de la Mancha, de cuyo nombre no quiero acordarme, no ha mucho tiempo que vivía un hidalgo de los de lanza en astillero, adarga antigua, rocín flaco y galgo corredor. Una olla de algo más vaca que carnero, salpicón las más noches, duelos y quebrantos los sábados, lantejas los viernes, algún palomino de añadidura los domingos, consumían las tres partes de su hacienda. ',' El resto della concluían sayo de velarte, calzas de velludo para las fiestas, con sus pantuflos de lo mesmo, y los días de entresemana se honraba con su vellorí de lo más fino. Tenía en su casa una ama que pasaba de los cuarenta, y una sobrina que no llegaba a los veinte, y un mozo de campo y plaza, que así ensillaba el rocín como tomaba la podadera. Frisaba la edad de nuestro hidalgo con los cincuenta años; era de complexión recia, seco de carnes, enjuto de rostro, gran madrugador y amigo de la caza. Quieren decir que tenía el sobrenombre de Quijada, o Quesada, que en esto hay alguna diferencia en los autores que deste caso escriben; aunque, por conjeturas verosímiles, se deja entender que se llamaba Quejana. Pero esto importa poco a nuestro cuento; basta que en la narración dél no se salga un punto de la verdad.\r\n\r\nEs, pues, de saber que este sobredicho hidalgo, los ratos que estaba ocioso, que eran los más del año, se daba a leer libros de caballerías, con tanta afición y gusto, que olvidó casi de todo punto el ejercicio de la caza, y aun la administración de su hacienda. Y llegó a tanto su curiosidad y desatino en esto, que vendió muchas hanegas de tierra de sembradura para comprar libros de caballerías en que leer, y así, llevó a su casa todos cuantos pudo haber dellos; y de todos, ningunos le parecían tan bien como los que compuso el famoso Feliciano de Silva, porque la claridad de su prosa y aquellas entricadas razones suyas le parecían de perlas, y más cuando llegaba a leer aquellos requiebros y cartas de desafíos, donde en muchas partes hallaba escrito: La razón de la sinrazón que a mi razón se hace, de tal manera mi razón enflaquece, que con razón me quejo de la vuestra fermosura. Y también cuando leía: ...los altos cielos que de vuestra divinidad divinamente con las estrellas os fortifican, y os hacen merecedora del merecimiento que merece la vuestra grandeza.\r\n\r\nCon estas razones perdía el pobre caballero el juicio, y desvelábase por entenderlas y desentrañarles el sentido, que no se lo sacara ni las entendiera el mesmo Aristóteles, si resucitara para sólo ello. No estaba muy bien con las heridas que don Belianís daba y recebía, porque se imaginaba que, por grandes maestros que le hubiesen curado, no dejaría de tener el rostro y todo el cuerpo lleno de cicatrices y señales. Pero, con todo, alababa en su autor aquel acabar su libro con la promesa de aquella inacabable aventura, y muchas veces le vino deseo de tomar la pluma y dalle fin al pie de la letra, como allí se promete; y sin duda alguna lo hiciera, y aun saliera con ello, si otros mayores y continuos pensamientos no se lo estorbaran. Tuvo muchas veces competencia con el cura de su lugar -que era hombre docto, graduado en Sigüenza-, sobre cuál había sido mejor caballero: Palmerín de Ingalaterra o Amadís de Gaula; mas maese Nicolás, barbero del mesmo pueblo, decía que ninguno llegaba al Caballero del Febo, y que si alguno se le podía comparar, era don Galaor, hermano de Amadís de Gaula, porque tenía muy acomodada condición para todo; que no era caballero melindroso, ni tan llorón como su hermano, y que en lo de la valentía no le iba en zaga. ','2015-12-27 12:39:03','../assets/images/perro.jpg',1,0,5),(29,1,'Chanante ipsum dolor sit amet','magna et monetes tunante. Elit tempor ullamco gaticos magna adipisicing estoy fatal de lo mío no te digo ná y te lo digo tó magna enim bufonesco. Pero qué pelazo chiquititantantan minim incididunt síberet zanguango saepe','Monguer Guaper saepe nostrud et. Tunante nostrud traeros tol jamón exercitation ut bonico del tó incididunt elit. Ut enratonao, eiusmod tempor veniam. Ayy qué gustico, muchachada magna, quis gatete pepinoninoni síberet. Magna enim exercitation cartoniano incididunt, sed payacho interneeeer ex piticli ut nianoniano et nostrud páharo. Incididunt forrondosco nui es de traca enjuto mojamuto gaticos quis tontaco. Elit freshquisimo ullamco ut chiquititantantan.\r\n\r\nEnim páharo super ñoño. Cartoniano sed one more time ex adipisicing atiendee incididunt ex aliqua gaticos labore aliqua. Cosica zanguango dolore et aliqua, saepe ojete moreno quis et gambitero.\r\nMonguer Guaper saepe nostrud et. Tunante nostrud traeros tol jamón exercitation ut bonico del tó incididunt elit. Ut enratonao, eiusmod tempor veniam. Ayy qué gustico, muchachada magna, quis gatete pepinoninoni síberet. Magna enim exercitation cartoniano incididunt, sed payacho interneeeer ex piticli ut nianoniano et nostrud páharo. Incididunt forrondosco nui es de traca enjuto mojamuto gaticos quis tontaco. Elit freshquisimo ullamco ut chiquititantantan.\r\n\r\nEnim páharo super ñoño. Cartoniano sed one more time ex adipisicing atiendee incididunt ex aliqua gaticos labore aliqua. Cosica zanguango dolore et aliqua, saepe ojete moreno quis et gambitero.','2015-12-27 22:13:45','../assets/images/foto11.jpg',1,1,8),(30,3,'del imperio de Trapisonda','Es, pues, de saber que este sobredicho hidalgo, los ratos que estaba ocioso, que eran los más del año, se daba a leer libros de caballerías, con tanta afición y gusto, que olvidó casi de todo punto el ejercicio de la caza, y aun la administración de su hacienda.','En resolución, él se enfrascó tanto en su letura, que se le pasaban las noches leyendo de claro en claro, y los días de turbio en turbio; y así, del poco dormir y del mucho leer, se le secó el celebro, de manera que vino a perder el juicio. Llenósele la fantasía de todo aquello que leía en los libros, así de encantamentos como de pendencias, batallas, desafíos, heridas, requiebros, amores, tormentas y disparates imposibles; y asentósele de tal modo en la imaginación que era verdad toda aquella máquina de aquellas sonadas soñadas invenciones que leía, que para él no había otra historia más cierta en el mundo. Decía él que el Cid Ruy Díaz había sido muy buen caballero, pero que no tenía que ver con el Caballero de la Ardiente Espada, que de sólo un revés había partido por medio dos fieros y descomunales gigantes. Mejor estaba con Bernardo del Carpio, porque en Roncesvalles había muerto a Roldán el encantado, valiéndose de la industria de Hércules, cuando ahogó a Anteo, el hijo de la Tierra, entre los brazos. Decía mucho bien del gigante Morgante, porque, con ser de aquella generación gigantea, que todos son soberbios y descomedidos, él solo era afable y bien criado. Pero, sobre todos, estaba bien con Reinaldos de Montalbán, y más cuando le veía salir de su castillo y robar cuantos topaba, y cuando en allende robó aquel ídolo de Mahoma que era todo de oro, según dice su historia. Diera él, por dar una mano de coces al traidor de Galalón, al ama que tenía, y aun a su sobrina de añadidura.\r\n\r\nEn efeto, rematado ya su juicio, vino a dar en el más estraño pensamiento que jamás dio loco en el mundo; y fue que le pareció convenible y necesario, así para el aumento de su honra como para el servicio de su república, hacerse caballero andante, y irse por todo el mundo con sus armas y caballo a buscar las aventuras y a ejercitarse en todo aquello que él había leído que los caballeros andantes se ejercitaban, deshaciendo todo género de agravio, y poniéndose en ocasiones y peligros donde, acabándolos, cobrase eterno nombre y fama. Imaginábase el pobre ya coronado por el valor de su brazo, por lo menos, del imperio de Trapisonda; y así, con estos tan agradables pensamientos, llevado del estraño gusto que en ellos sentía, se dio priesa a poner en efeto lo que deseaba. ','2015-12-27 22:15:05','../assets/images/foto12.jpg',1,1,6),(31,4,'Hodor hodor HODOR!','Hodor hodor HODOR! Hodor hodor hodor HODOR hodor, hodor hodor - hodor? Hodor. Hodor hodor - hodor hodor? Hodor! Hodor hodor, hodor - hodor hodor. Hodor. ','Hodor hodor HODOR! Hodor hodor hodor HODOR hodor, hodor hodor - hodor? Hodor. Hodor hodor - hodor hodor? Hodor! Hodor hodor, hodor - hodor hodor. Hodor. Hodor! Hodor hodor, hodor, hodor. Hodor hodor, hodor. Hodor hodor? Hodor, hodor hodor hodor, hodor. Hodor hodor. Hodor. Hodor! Hodor hodor, hodor hodor hodor - hodor. \r\nHodor hodor HODOR! Hodor hodor hodor HODOR hodor, hodor hodor - hodor? Hodor. Hodor hodor - hodor hodor? Hodor! Hodor hodor, hodor - hodor hodor. Hodor. Hodor! Hodor hodor, hodor, hodor. Hodor hodor, hodor. Hodor hodor? Hodor, hodor hodor hodor, hodor. Hodor hodor. Hodor. Hodor! Hodor hodor, hodor hodor hodor - hodor. \r\n\r\nHodor hodor HODOR! Hodor hodor hodor HODOR hodor, hodor hodor - hodor? Hodor. Hodor hodor - hodor hodor? Hodor! Hodor hodor, hodor - hodor hodor. Hodor. Hodor! Hodor hodor, hodor, hodor. Hodor hodor, hodor. Hodor hodor? Hodor, hodor hodor hodor, hodor. Hodor hodor. Hodor. Hodor! Hodor hodor, hodor hodor hodor - hodor. ','2015-12-27 22:16:04','../assets/images/foto13.jpg',1,1,2),(32,2,'Sed tontaco fresquete saepe ojete moreno','Chanante ipsum dolor sit amet, zanguango veniam veniam exercitation ex bajonaaa enim. Tempor ut ut vivo con tu madre en un castillo cabeza de viejo cuerpo de joven ut consectetur ad ex eveniet tontiploster fresquete eveniet.','\r\nSed tontaco fresquete saepe ojete moreno, ea labore ut hueles avinagrado et aliqua sed. Tempor pataliebre, dolore minim aliqua, quis tunante eveniet labore. Ea nostrud magna enim ex, interneeeer bufonesco cascoporro bocachoti cacahué. Pero qué pelazo coconut ullamco cosica mamellas saepe asobinao elit soooy crossoverr ut tempor. Churretoso nisi enim eiusmod asquerosito.\r\n\r\nEa, minim gaticos dolore estoy fatal de lo mío tempor minim ullamco enjuto mojamuto. Pepino en la mano ut quis síberet, ju-já monetes bufonesco asobinao veniam ahí va qué chorrazo. Ut eres un pirámidee nostrud adipisicing labore atiendee aliqua. Ut pero qué pelazo tempor enim cabeza de viejo cuerpo de joven ad ayy qué gustico ut ut eveniet nostrud ut regomello magna. Nostrud, nuiiiii eveniet nostrud bonico del tó minim consectetur quis aliqua piticli. To sueltecico payacho nianoniano, chachachá dolore. Ad dolore gatete minim quis. Ea chiquititantantan viejuno cartoniano páharo.\r\n\r\nChanante ipsum dolor sit amet, zanguango veniam veniam exercitation ex bajonaaa enim. Tempor ut ut vivo con tu madre en un castillo cabeza de viejo cuerpo de joven ut consectetur ad ex eveniet tontiploster fresquete eveniet. Te viste de torero nostrud saepe ayy qué gustico con las rodillas in the guanter ut cosica. Enim labore, aliqua. Chotera ullamco consectetur tunante gaticos tollina veniam viejuno ojete moreno nuiiiii adipisicing consectetur.','2015-12-27 22:17:11','../assets/images/foto14.jpg',1,1,6),(33,4,'Limpias, pues, sus armas, hecho del morrión celada','¡Oh, cómo se holgó nuestro buen caballero cuando hubo hecho este discurso, y más cuando halló a quien dar nombre de su dama! Y fue, a lo que se cree, que en un lugar cerca del suyo había una moza labradora de muy buen parecer, de quien él un tiempo anduvo enamorado','Hechas, pues, estas prevenciones, no quiso aguardar más tiempo a poner en efeto su pensamiento, apretándole a ello la falta que él pensaba que hacía en el mundo su tardanza, según eran los agravios que pensaba deshacer, tuertos que enderezar, sinrazones que emendar, y abusos que mejorar y deudas que satisfacer. Y así, sin dar parte a persona alguna de su intención, y sin que nadie le viese, una mañana, antes del día, que era uno de los calurosos del mes de julio, se armó de todas sus armas, subió sobre Rocinante, puesta su mal compuesta celada, embrazó su adarga, tomó su lanza, y, por la puerta falsa de un corral, salió al campo con grandísimo contento y alborozo de ver con cuánta facilidad había dado principio a su buen deseo. Mas, apenas se vio en el campo, cuando le asaltó un pensamiento terrible, y tal, que por poco le hiciera dejar la comenzada empresa; y fue que le vino a la memoria que no era armado caballero, y que, conforme a ley de caballería, ni podía ni debía tomar armas con ningún caballero; y, puesto que lo fuera, había de llevar armas blancas, como novel caballero, sin empresa en el escudo, hasta que por su esfuerzo la ganase. Estos pensamientos le hicieron titubear en su propósito; mas, pudiendo más su locura que otra razón alguna, propuso de hacerse armar caballero del primero que topase, a imitación de otros muchos que así lo hicieron, según él había leído en los libros que tal le tenían. En lo de las armas blancas, pensaba limpiarlas de manera, en teniendo lugar, que lo fuesen más que un armiño; y con esto se quietó y prosiguió su camino, sin llevar otro que aquel que su caballo quería, creyendo que en aquello consistía la fuerza de las aventuras.\r\n\r\nVerdadera historia de mis famosos hechos, que el sabio que los escribiere no ponga, cuando llegue a contar esta mi primera salidad tan de mañana, desta manera?: «Apenas había el rubicundo Apolo tendido por la faz de la ancha y espaciosa tierra las doradas hebras de sus hermosos cabellos, y apenas los pequeños y pintados pajarillos con sus arpadas lenguas habían saludado con dulce y meliflua armonía la venida de la rosada aurora, que, dejando la blanda cama del celoso marido, por las puertas y balcones del manchego horizonte a los mortales se mostraba, cuando el famoso caballero don Quijote de la Mancha, dejando las ociosas plumas, subió sobre su famoso caballo Rocinante, y comenzó a caminar por el antiguo y conocido campo de Montiel».\r\n\r\nCasi todo aquel día caminó sin acontecerle cosa que de contar fuese, de lo cual se desesperaba, porque quisiera topar luego luego con quien hacer experiencia del valor de su fuerte brazo. Autores hay que dicen que la primera aventura que le avino fue la del Puerto Lápice; otros dicen que la de los molinos de viento; pero, lo que yo he podido averiguar en este caso, y lo que he hallado escrito en los Anales de la Mancha, es que él anduvo todo aquel día, y, al anochecer, su rocín y él se hallaron cansados y muertos de hambre; y que, mirando a todas partes por ver si descubriría algún castillo o alguna majada de pastores donde recogerse y adonde pudiese remediar su mucha hambre y necesidad, vio, no lejos del camino por donde iba, una venta, que fue como si viera una estrella que, no a los portales, sino a los alcázares de su redención le encaminaba. Diose priesa a caminar, y llegó a ella a tiempo que anochecía. ','2015-12-27 22:19:14','../assets/images/foto15.jpg',1,1,7),(34,4,'Estaban acaso a la puerta dos mujeres mozas, destas que llaman del partido','uego al huésped que le tuviese mucho cuidado de su caballo, porque era la mejor pieza que comía pan en el mundo. Miróle el ventero, y no le pareció tan bueno como don Quijote decía, ni aun la mitad; y, acomodándole en la caballeriza, volvió a ver lo que su huésped mandaba, al cual estaban desarmando las doncellas, que ya se habían reconciliado con él;','El ventero, que, como está dicho, era un poco socarrón y ya tenía algunos barruntos de la falta de juicio de su huésped, acabó de creerlo cuando acabó de oírle semejantes razones, y, por tener qué reír aquella noche, determinó de seguirle el humor; y así, le dijo que andaba muy acertado en lo que deseaba y pedía, y que tal prosupuesto era propio y natural de los caballeros tan principales como él parecía y como su gallarda presencia mostraba; y que él, ansimesmo, en los años de su mocedad, se había dado a aquel honroso ejercicio, andando por diversas partes del mundo buscando sus aventuras, sin que hubiese dejado los Percheles de Málaga, Islas de Riarán, Compás de Sevilla, Azoguejo de Segovia, la Olivera de Valencia, Rondilla de Granada, Playa de Sanlúcar, Potro de Córdoba y las Ventillas de Toledo y otras diversas partes, donde había ejercitado la ligereza de sus pies, sutileza de sus manos, haciendo muchos tuertos, recuestando muchas viudas, deshaciendo algunas doncellas y engañando a algunos pupilos, y, finalmente, dándose a conocer por cuantas audiencias y tribunales hay casi en toda España; y que, a lo último, se había venido a recoger a aquel su castillo, donde vivía con su hacienda y con las ajenas, recogiendo en él a todos los caballeros andantes, de cualquiera calidad y condición que fuesen, sólo por la mucha afición que les tenía y porque partiesen con él de sus haberes, en pago de su buen deseo.\r\n\r\nDíjole también que en aquel su castillo no había capilla alguna donde poder velar las armas, porque estaba derribada para hacerla de nuevo; pero que, en caso de necesidad, él sabía que se podían velar dondequiera, y que aquella noche las podría velar en un patio del castillo; que a la mañana, siendo Dios servido, se harían las debidas ceremonias, de manera que él quedase armado caballero, y tan caballero que no pudiese ser más en el mundo.\r\n\r\nPreguntóle si traía dineros; respondió don Quijote que no traía blanca, porque él nunca había leído en las historias de los caballeros andantes que ninguno los hubiese traído. A esto dijo el ventero que se engañaba; que, puesto caso que en las historias no se escribía, por haberles parecido a los autores dellas que no era menester escrebir una cosa tan clara y tan necesaria de traerse como eran dineros y camisas limpias, no por eso se había de creer que no los trujeron; y así, tuviese por cierto y averiguado que todos los caballeros andantes, de que tantos libros están llenos y atestados, llevaban bien herradas las bolsas, por lo que pudiese sucederles; y que asimismo llevaban camisas y una arqueta pequeña llena de ungüentos para curar las heridas que recebían, porque no todas veces en los campos y desiertos donde se combatían y salían heridos había quien los curase, si ya no era que tenían algún sabio encantador por amigo, que luego los socorría, trayendo por el aire, en alguna nube, alguna doncella o enano con alguna redoma de agua de tal virtud que, en gustando alguna gota della, luego al punto quedaban sanos de sus llagas y heridas, como si mal alguno hubiesen tenido. Mas que, en tanto que esto no hubiese, tuvieron los pasados caballeros por cosa acertada que sus escuderos fuesen proveídos de dineros y de otras cosas necesarias, como eran hilas y ungüentos para curarse; y, cuando sucedía que los tales caballeros no tenían escuderos, que eran pocas y raras veces, ellos mesmos lo llevaban todo en unas alforjas muy sutiles, que casi no se parecían, a las ancas del caballo, como que era otra cosa de más importancia; porque, no siendo por ocasión semejante, esto de llevar alforjas no fue muy admitido entre los caballeros andantes; y por esto le daba por consejo, pues aún se lo podía mandar como a su ahijado, que tan presto lo había de ser, que no caminase de allí adelante sin dineros y sin las prevenciones referidas, y que vería cuán bien se hallaba con ellas cuando menos se pensase. ','2015-12-27 22:21:13','../assets/images/foto16.jpg',1,1,8),(35,3,'Adipisicing quis adipisicing ut super ñoño ','Et labore nostrud, saepe aliqua dolore one more time saepe, ut fresquete vivo con tu madre en un castillo. Aliqua ea ea elit chavalada ut. Adipisicing adipisicing ex. Adipisicing quis adipisicing ut super ñoño ex ut monguer Guaper ahí va qué chorrazo a tope con la maquinaria.','Chanante ipsum dolor sit amet, minim quis páharo bizcoché consectetur enratonao saepe. No te digo ná y te lo digo tó chotera ojete calor et te viste de torero tontaco pataliebre vivo con tu madre en un castillo gañán. Pepino en la mano a tope con la maquinaria muchachada veniam chavalada soooy crossoverr monetes ahí va qué chorrazo veniam minim zanguango nisi. Tontiploster bonico del tó ut nuiiiii con las rodillas in the guanter, cacahué churretoso es de traca ut ojete moreno magna eres un pirámidee fresquete estoy fatal de lo mío bajonaaa.\r\n\r\nMagna bufonesco ullamco forrondosco zagal a tope con la maquinaria ex saepe ad churretoso piticli bocachoti enjuto mojamuto, tontiploster. Ju-já nisi, quis síberet ex traeros tol jamón super ñoño cosica chiquititantantan ut coconut. Páharo soooy crossoverr viejuno nuiiiii artista saepe ut regomello nisi chavalada pataliebre. Nisi elit one more time veniam ex ahí va qué chorrazo payacho.\r\n\r\nNisi ad incididunt no te digo ná y te lo digo tó gambitero incididunt gatete adipisicing bizcoché. Cacahué te viste de torero vivo con tu madre en un castillo ut ea enjuto mojamuto piticli eiusmod droja elit. Et eveniet ahí va qué chorrazo churretoso bajonaaa ea ju-já pataliebre nisi. Síberet zagal consectetur saepe exercitation nianoniano. Dolore minim ea asquerosito adipisicing eveniet et. Gañán tollina, aliqua mangurrián con las rodillas in the guanter horcate tontiploster. Nui super ñoño bufonesco estoy fatal de lo mío cartoniano traeros tol jamón dolore tontaco payacho. Quis, chachachá bonico del tó coconut chiquititantantan ut cabeza de viejo cuerpo de joven.','2015-12-27 22:22:38','../assets/images/foto21.jpg',1,1,2),(36,3,'Prometióle don Quijote de hacer lo que se le aconsejaba con toda puntualidad',' y así, se dio luego orden como velase las armas en un corral grande que a un lado de la venta estaba; y, recogiéndolas don Quijote todas, las puso sobre una pila que junto a un pozo estaba, y, embrazando su adarga, asió de su lanza y con gentil continente se comenzó a pasear delante de la pila; y cuando comenzó el paseo comenzaba a cerrar la noche. ','Contó el ventero a todos cuantos estaban en la venta la locura de su huésped, la vela de las armas y la armazón de caballería que esperaba. Admiráronse de tan estraño género de locura y fuéronselo a mirar desde lejos, y vieron que, con sosegado ademán, unas veces se paseaba; otras, arrimado a su lanza, ponía los ojos en las armas, sin quitarlos por un buen espacio dellas. Acabó de cerrar la noche, pero con tanta claridad de la luna, que podía competir con el que se la prestaba, de manera que cuanto el novel caballero hacía era bien visto de todos. Antojósele en esto a uno de los arrieros que estaban en la venta ir a dar agua a su recua, y fue menester quitar las armas de don Quijote, que estaban sobre la pila; el cual, viéndole llegar, en voz alta le dijo:\r\n\r\nY, diciendo estas y otras semejantes razones, soltando la adarga, alzó la lanza a dos manos y dio con ella tan gran golpe al arriero en la cabeza, que le derribó en el suelo, tan maltrecho que, si segundara con otro, no tuviera necesidad de maestro que le curara. Hecho esto, recogió sus armas y tornó a pasearse con el mismo reposo que primero. Desde allí a poco, sin saberse lo que había pasado (porque aún estaba aturdido el arriero), llegó otro con la mesma intención de dar agua a sus mulos; y, llegando a quitar las armas para desembarazar la pila, sin hablar don Quijote palabra y sin pedir favor a nadie, soltó otra vez la adarga y alzó otra vez la lanza, y, sin hacerla pedazos, hizo más de tres la cabeza del segundo arriero, porque se la abrió por cuatro. Al ruido acudió toda la gente de la venta, y entre ellos el ventero. Viendo esto don Quijote, embrazó su adarga, y, puesta mano a su espada, dijo:\r\n\r\nCon esto cobró, a su parecer, tanto ánimo, que si le acometieran todos los arrieros del mundo, no volviera el pie atrás. Los compañeros de los heridos, que tales los vieron, comenzaron desde lejos a llover piedras sobre don Quijote, el cual, lo mejor que podía, se reparaba con su adarga, y no se osaba apartar de la pila por no desamparar las armas. El ventero daba voces que le dejasen, porque ya les había dicho como era loco, y que por loco se libraría, aunque los matase a todos. También don Quijote las daba, mayores, llamándolos de alevosos y traidores, y que el señor del castillo era un follón y mal nacido caballero, pues de tal manera consentía que se tratasen los andantes caballeros; y que si él hubiera recebido la orden de caballería, que él le diera a entender su alevosía: ','2015-12-27 22:23:44','../assets/images/foto17.jpg',1,1,1),(37,1,'No le parecieron bien al ventero las burlas de su huésped',' y determinó abreviar y darle la negra orden de caballería luego, antes que otra desgracia sucediese. Y así, llegándose a él, se desculpó de la insolencia que aquella gente baja con él había usado, sin que él supiese cosa alguna; pero que bien castigados quedaban de su atrevimiento. ','Díjole como ya le había dicho que en aquel castillo no había capilla, y para lo que restaba de hacer tampoco era necesaria; que todo el toque de quedar armado caballero consistía en la pescozada y en el espaldarazo, según él tenía noticia del ceremonial de la orden, y que aquello en mitad de un campo se podía hacer, y que ya había cumplido con lo que tocaba al velar de las armas, que con solas dos horas de vela se cumplía, cuanto más, que él había estado más de cuatro. Todo se lo creyó don Quijote, y dijo que él estaba allí pronto para obedecerle, y que concluyese con la mayor brevedad que pudiese; porque si fuese otra vez acometido y se viese armado caballero, no pensaba dejar persona viva en el castillo, eceto aquellas que él le mandase, a quien por su respeto dejaría.\r\n\r\nAdvertido y medroso desto el castellano, trujo luego un libro donde asentaba la paja y cebada que daba a los arrieros, y con un cabo de vela que le traía un muchacho, y con las dos ya dichas doncellas, se vino adonde don Quijote estaba, al cual mandó hincar de rodillas; y, leyendo en su manual, como que decía alguna devota oración, en mitad de la leyenda alzó la mano y diole sobre el cuello un buen golpe, y tras él, con su mesma espada, un gentil espaldazaro, siempre murmurando entre dientes, como que rezaba. Hecho esto, mandó a una de aquellas damas que le ciñese la espada, la cual lo hizo con mucha desenvoltura y discreción, porque no fue menester poca para no reventar de risa a cada punto de las ceremonias; pero las proezas que ya habían visto del novel caballero les tenía la risa a raya.\r\n\r\nDon Quijote le preguntó cómo se llamaba, porque él supiese de allí adelante a quién quedaba obligado por la merced recebida; porque pensaba darle alguna parte de la honra que alcanzase por el valor de su brazo. Ella respondió con mucha humildad que se llamaba la Tolosa, y que era hija de un remendón natural de Toledo que vivía a las tendillas de Sancho Bienaya, y que dondequiera que ella estuviese le serviría y le tendría por señor. Don Quijote le replicó que, por su amor, le hiciese merced que de allí adelante se pusiese don y se llamase doña Tolosa. Ella se lo prometió, y la otra le calzó la espuela, con la cual le pasó casi el mismo coloquio que con la de la espada: preguntóle su nombre, y dijo que se llamaba la Molinera, y que era hija de un honrado molinero de Antequera; a la cual también rogó don Quijote que se pusiese don y se llamase doña Molinera, ofreciéndole nuevos servicios y mercedes. ','2015-12-27 22:24:40','../assets/images/foto18.jpg',1,0,1),(38,2,' veniam síberet bocachoti, cobete ut magna','Chanante ipsum dolor sit amet, veniam síberet bocachoti, cobete ut magna elit adipisicing pepino en la mano. Ojete moreno saepe tunante melifluo ex cabeza de viejo cuerpo de joven. Ea páharo ut forrondosco. ','Chanante ipsum dolor sit amet, veniam síberet bocachoti, cobete ut magna elit adipisicing pepino en la mano. Ojete moreno saepe tunante melifluo ex cabeza de viejo cuerpo de joven. Ea páharo ut forrondosco. A tope con la maquinaria incididunt veniam magna dolore, monetes aliqua regomello ahí va qué chorrazo te viste de torero mangurrián ju-já. Freshquisimo enim vivo con tu madre en un castillo cacahué artista interneeeer fresquete nuiiiii.\r\n\r\nAtiendee nuiiiii chavalada super ñoño gaticos cabeza de viejo cuerpo de joven eiusmod cosica nisi ad. Ullamco traeros tol jamón cartoniano bonico del tó enratonao freshquisimo ojete moreno pepino en la mano, mangurrián pero qué pelazo nui tempor. Agazapao quis ad ut cascoporro a tope con la maquinaria páharo to sueltecico interneeeer. Eres un pirámidee minim zagal bocachoti. Ullamco tontaco síberet bizcoché aliqua exercitation ahí va qué chorrazo piticli eiusmod mamellas asquerosito bufonesco one more time.\r\n\r\nTontaco eres un pirámidee ad ayy qué gustico veniam nisi zanguango vivo con tu madre en un castillo horcate, sed tollina eveniet asquerosito ahí va qué chorrazo monetes. Ut gaticos aliqua magna enim. Nui estoy fatal de lo mío ad ut bufonesco a tope con la maquinaria sed incididunt pepinoninoni adipisicing aliqua.','2015-12-27 22:25:34','../assets/images/foto19.jpg',1,0,6),(39,4,'Hechas, pues, de galope y aprisa las hasta allí nunca vistas ceremonias','La del alba sería cuando don Quijote salió de la venta, tan contento, tan gallardo, tan alborozado por verse ya armado caballero, que el gozo le reventaba por las cinchas del caballo. Mas, viniéndole a la memoria los consejos de su huésped cerca de las prevenciones tan necesarias que había de llevar consigo, especial la de los dineros','Y, volviendo las riendas, encaminó a Rocinante hacia donde le pareció que las voces salían. Y, a pocos pasos que entró por el bosque, vio atada una yegua a una encina, y atado en otra a un muchacho, desnudo de medio cuerpo arriba, hasta de edad de quince años, que era el que las voces daba; y no sin causa, porque le estaba dando con una pretina muchos azotes un labrador de buen talle, y cada azote le acompañaba con una reprehensión y consejo. Porque decía:\r\n\r\nEl labrador bajó la cabeza y, sin responder palabra, desató a su criado, al cual preguntó don Quijote que cuánto le debía su amo. Él dijo que nueve meses, a siete reales cada mes. Hizo la cuenta don Quijote y halló que montaban setenta y tres reales, y díjole al labrador que al momento los desembolsase, si no quería morir por ello. Respondió el medroso villano que para el paso en que estaba y juramento que había hecho -y aún no había jurado nada-, que no eran tantos, porque se le habían de descontar y recebir en cuenta tres pares de zapatos que le había dado y un real de dos sangrías que le habían hecho estando enfermo.\r\n\r\nUn mozo de mulas de los que allí venían, que no debía de ser muy bien intencionado, oyendo decir al pobre caído tantas arrogancias, no lo pudo sufrir sin darle la respuesta en las costillas. Y, llegándose a él, tomó la lanza, y, después de haberla hecho pedazos, con uno dellos comenzó a dar a nuestro don Quijote tantos palos que, a despecho y pesar de sus armas, le molió como cibera. Dábanle voces sus amos que no le diese tanto y que le dejase, pero estaba ya el mozo picado y no quiso dejar el juego hasta envidar todo el resto de su cólera; y, acudiendo por los demás trozos de la lanza, los acabó de deshacer sobre el miserable caído, que, con toda aquella tempestad de palos que sobre él vía, no cerraba la boca, amenazando al cielo y a la tierra, y a los malandrines, que tal le parecían.\r\n','2015-12-27 22:26:52','../assets/images/foto20.jpg',1,0,8);
/*!40000 ALTER TABLE `noticias` ENABLE KEYS */;
UNLOCK TABLES;

--
-- Table structure for table `usuarios`
--

DROP TABLE IF EXISTS `usuarios`;
/*!40101 SET @saved_cs_client     = @@character_set_client */;
/*!40101 SET character_set_client = utf8 */;
CREATE TABLE `usuarios` (
  `id` int(11) NOT NULL AUTO_INCREMENT,
  `usuario` varchar(255) NOT NULL,
  `password` varchar(255) NOT NULL,
  `fecha_creacion` timestamp NOT NULL DEFAULT CURRENT_TIMESTAMP,
  `nombre` varchar(45) DEFAULT NULL,
  `apellidos` varchar(90) DEFAULT NULL,
  `is_admin` tinyint(4) NOT NULL DEFAULT '0',
  `ultima_conexion` timestamp NOT NULL DEFAULT CURRENT_TIMESTAMP,
  `acceso_privado` tinyint(4) NOT NULL DEFAULT '0',
  PRIMARY KEY (`id`),
  UNIQUE KEY `usuario_UNIQUE` (`usuario`)
) ENGINE=InnoDB AUTO_INCREMENT=11 DEFAULT CHARSET=latin1;
/*!40101 SET character_set_client = @saved_cs_client */;

--
-- Dumping data for table `usuarios`
--

LOCK TABLES `usuarios` WRITE;
/*!40000 ALTER TABLE `usuarios` DISABLE KEYS */;
INSERT INTO `usuarios` VALUES (1,'miguelangelvr@gmail.com','751cb3f4aa17c36186f4856c8982bf27','2015-12-19 17:10:32','Miguel Ángel','Valdepeñas Rodríguez',1,'2015-12-23 14:19:41',1),(2,'prueba@enubes.com','751cb3f4aa17c36186f4856c8982bf27','2015-12-27 11:27:22','Nombre modificado','apellido modificado',1,'2015-12-27 11:27:22',1),(6,'prueba2@enubes.com','c893bad68927b457dbed39460e6afd62','2015-12-27 18:57:07','Prueba2','apellidos 2',0,'2015-12-27 18:57:07',0),(7,'prueba3@enubes.com','c893bad68927b457dbed39460e6afd62','2015-12-27 18:57:33','Prueba 3','Apellidos 3',0,'2015-12-27 18:57:33',1),(8,'prueba4@enubes.com','c893bad68927b457dbed39460e6afd62','2015-12-27 18:58:00','Prueba 4','Apellidos 4',1,'2015-12-27 18:58:00',1),(9,'arroba@enubes.com','c893bad68927b457dbed39460e6afd62','2015-12-27 23:35:20','Barack','Obama Martinez',0,'2015-12-27 23:35:20',0),(10,'rusia@hotmail.com','c893bad68927b457dbed39460e6afd62','2015-12-27 23:37:14','Vladimir','Putin',0,'2015-12-27 23:37:14',0);
/*!40000 ALTER TABLE `usuarios` ENABLE KEYS */;
UNLOCK TABLES;

--
-- Table structure for table `visitas`
--

DROP TABLE IF EXISTS `visitas`;
/*!40101 SET @saved_cs_client     = @@character_set_client */;
/*!40101 SET character_set_client = utf8 */;
CREATE TABLE `visitas` (
  `id` int(11) NOT NULL AUTO_INCREMENT,
  `noticia_id` int(11) NOT NULL,
  `fecha_visita` timestamp NOT NULL DEFAULT CURRENT_TIMESTAMP,
  `categoria_id` tinyint(4) NOT NULL,
  PRIMARY KEY (`id`)
) ENGINE=InnoDB AUTO_INCREMENT=40 DEFAULT CHARSET=latin1;
/*!40101 SET character_set_client = @saved_cs_client */;

--
-- Dumping data for table `visitas`
--

LOCK TABLES `visitas` WRITE;
/*!40000 ALTER TABLE `visitas` DISABLE KEYS */;
INSERT INTO `visitas` VALUES (4,18,'2015-12-26 16:00:28',1),(5,5,'2015-12-26 16:00:34',1),(6,21,'2015-12-26 16:00:42',2),(7,23,'2015-12-26 16:00:47',2),(8,11,'2015-12-26 16:00:51',2),(9,2,'2015-12-26 16:01:01',4),(10,4,'2015-12-26 16:01:05',4),(11,13,'2015-12-26 16:01:23',3),(12,21,'2015-12-26 18:12:32',2),(13,21,'2015-12-26 18:12:38',2),(14,11,'2015-12-26 18:12:43',2),(15,10,'2015-12-26 18:12:49',2),(16,5,'2015-12-26 18:12:58',1),(17,14,'2015-12-26 18:13:37',3),(18,24,'2015-12-26 18:13:42',3),(19,13,'2015-12-26 18:13:47',3),(20,13,'2015-12-26 19:00:54',3),(21,23,'2015-12-26 19:44:09',2),(22,4,'2015-12-26 19:58:14',4),(23,4,'2015-12-26 19:59:15',4),(24,4,'2015-12-26 20:02:52',4),(25,23,'2015-12-26 20:12:23',2),(26,23,'2015-12-26 20:12:50',2),(27,28,'2015-12-27 21:26:39',4),(28,4,'2015-12-27 21:26:55',4),(29,4,'2015-12-27 21:27:27',4),(30,4,'2015-12-27 21:29:06',4),(31,4,'2015-12-27 21:29:21',4),(32,4,'2015-12-27 21:30:22',4),(33,23,'2015-12-27 21:30:54',2),(34,36,'2015-12-27 22:32:17',3),(35,36,'2015-12-27 22:32:21',3),(36,30,'2015-12-27 22:32:24',3),(37,35,'2015-12-27 22:37:26',3),(38,29,'2015-12-27 22:52:55',1),(39,29,'2015-12-27 22:53:12',1);
/*!40000 ALTER TABLE `visitas` ENABLE KEYS */;
UNLOCK TABLES;
/*!40103 SET TIME_ZONE=@OLD_TIME_ZONE */;

/*!40101 SET SQL_MODE=@OLD_SQL_MODE */;
/*!40014 SET FOREIGN_KEY_CHECKS=@OLD_FOREIGN_KEY_CHECKS */;
/*!40014 SET UNIQUE_CHECKS=@OLD_UNIQUE_CHECKS */;
/*!40101 SET CHARACTER_SET_CLIENT=@OLD_CHARACTER_SET_CLIENT */;
/*!40101 SET CHARACTER_SET_RESULTS=@OLD_CHARACTER_SET_RESULTS */;
/*!40101 SET COLLATION_CONNECTION=@OLD_COLLATION_CONNECTION */;
/*!40111 SET SQL_NOTES=@OLD_SQL_NOTES */;

-- Dump completed on 2015-12-28  1:19:44
